Mode,Overall Accuracy,Model,Down sampling,CD14+ Monocyte,CD19+ B,CD34+,CD4+ T Helper2,CD4+/CD25 T Reg,CD4+/CD45RA+/CD25- Naive T,CD4+/CD45RO+ Memory,CD56+ NK,CD8+ Cytotoxic T,CD8+/CD45RA+ Naive Cytotoxic,Dendritic
train,1.0,rf,False,1.0,1.0,1.0,1.0,1.0,1.0,1.0,1.0,1.0,1.0,1.0
test,0.6708953047535725,rf,False,0.9755244755244755,0.6573604060913706,0.5454545454545454,0.0,0.1494345718901454,0.0,0.0,0.8928774928774929,0.701323706377858,0.8925892589258926,0.4666666666666667,0.49235957854373
