Mode,Overall Accuracy,Model,Down sampling,CD14+ Monocyte,CD19+ B,CD34+,CD4+ T Helper2,CD4+/CD25 T Reg,CD4+/CD45RA+/CD25- Naive T,CD4+/CD45RO+ Memory,CD56+ NK,CD8+ Cytotoxic T,CD8+/CD45RA+ Naive Cytotoxic,Dendritic,Macro F1
test,0.95376468786241,lr,True,0.9961492178098676,0.9730445246690734,1.0,1.0,0.9287433798748195,0.9857968223399133,0.9545126353790614,0.98676293622142,0.7688974482426577,0.9034897713598075,0.9939831528279182,0.9530508548327146
