Mode,Overall Accuracy,Model,Down sampling,CD14+ Monocyte,CD19+ B,CD34+,CD4+ T Helper2,CD4+/CD25 T Reg,CD4+/CD45RA+/CD25- Naive T,CD4+/CD45RO+ Memory,CD56+ NK,CD8+ Cytotoxic T,CD8+/CD45RA+ Naive Cytotoxic,Dendritic,Macro F1
test,0.9529550775694187,xg,True,0.9959085439229843,0.9737665463297233,1.0,0.9973519499277804,0.9162253249879634,0.9607607125662012,0.9157641395908543,0.9790613718411553,0.8148772267693789,0.9463297232250301,0.9824308062575211,0.95291289282914
