Mode,Overall Accuracy,Model,Down sampling,CD14+ Monocyte,CD19+ B,CD34+,CD4+ T Helper2,CD4+/CD25 T Reg,CD4+/CD45RA+/CD25- Naive T,CD4+/CD45RO+ Memory,CD56+ NK,CD8+ Cytotoxic T,CD8+/CD45RA+ Naive Cytotoxic,Dendritic,Macro F1
test,0.8230533683289589,lr,False,0.9055944055944056,0.8392554991539763,0.8727272727272727,0.0,0.6930533117932148,0.5093333333333333,0.4444444444444444,0.9424501424501425,0.8235860409145608,0.9072907290729073,0.7380952380952381,0.7158947190319751
