Mode,Overall Accuracy,Model,Down sampling,CD14+ Monocyte,CD19+ B,CD34+,CD4+ T Helper2,CD4+/CD25 T Reg,CD4+/CD45RA+/CD25- Naive T,CD4+/CD45RO+ Memory,CD56+ NK,CD8+ Cytotoxic T,CD8+/CD45RA+ Naive Cytotoxic,Dendritic,Macro F1
test,0.5794392523364486,xg,True,0.8421052631578947,0.7368421052631579,0.9473684210526315,0.25,0.35,0.42105263157894735,0.5,0.95,0.25,0.3684210526315789,0.7894736842105263,0.5714909998005706
