Mode,Overall Accuracy,Model,Down sampling,CD14+ Monocyte,CD19+ B,CD34+,CD4+ T Helper2,CD4+/CD25 T Reg,CD4+/CD45RA+/CD25- Naive T,CD4+/CD45RO+ Memory,CD56+ NK,CD8+ Cytotoxic T,CD8+/CD45RA+ Naive Cytotoxic,Dendritic,Macro F1
test,0.5607476635514018,xg,True,0.5789473684210527,0.8947368421052632,1.0,0.05,0.3,0.5789473684210527,0.45,1.0,0.3,0.3684210526315789,0.6842105263157895,0.544118839804672
