Mode,Overall Accuracy,Model,Down sampling,CD14+ Monocyte,CD19+ B,CD34+,CD4+ T Helper2,CD4+/CD25 T Reg,CD4+/CD45RA+/CD25- Naive T,CD4+/CD45RO+ Memory,CD56+ NK,CD8+ Cytotoxic T,CD8+/CD45RA+ Naive Cytotoxic,Dendritic
train,1.0,rf,True,1.0,1.0,1.0,1.0,1.0,1.0,1.0,1.0,1.0,1.0,1.0
test,0.5093457943925234,rf,True,0.7368421052631579,0.6842105263157895,0.8421052631578947,0.1,0.1,0.631578947368421,0.25,1.0,0.25,0.21052631578947367,0.8421052631578947,0.49666872941482865
