Mode,Overall Accuracy,Model,Down sampling,CD14+ Monocyte,CD19+ B,CD34+,CD4+ T Helper2,CD4+/CD25 T Reg,CD4+/CD45RA+/CD25- Naive T,CD4+/CD45RO+ Memory,CD56+ NK,CD8+ Cytotoxic T,CD8+/CD45RA+ Naive Cytotoxic,Dendritic
train,1.0,sgd,True,1.0,1.0,1.0,1.0,1.0,1.0,1.0,1.0,1.0,1.0,1.0
test,0.5046728971962616,sgd,True,0.8421052631578947,0.3157894736842105,0.8947368421052632,0.45,0.5,0.3157894736842105,0.45,1.0,0.15,0.15789473684210525,0.47368421052631576,0.5006431784406307
